{
	"pages": [
		{
			"path": "pages/index/index",
			"style": {
				 "navigationBarTitleText":"智慧社区",
				 "app-plus":{
					 "scrollIndicator":"none",//隐藏滚动条
					 "bounce":"none",//关闭反弹效果
					 "titleNView":{
						 
					 }
				 }
			}
		}
        ,{
            "path" : "pages/class/class",
            "style": {
				"navigationBarTitleText":"服务",
            	 "app-plus":{
            		 "scrollIndicator":"none",//隐藏滚动条
            		 "bounce":"none"//关闭反弹效果
            		
            	 }
            }
        }
		,{
		    "path" : "pages/login/login",
		    "style" : {
				"navigationBarTitleText":"登录",
				"app-plus":{
					"scrollIndicator":"none",
					"titleNView":false
				}
			}
		}
        ,{
            "path" : "pages/my/my",
            "style" : {
				"app-plus":{
					"scrollIndicator":"none",
					"titleNView":false
				}
			}
        }
        ,{
            "path" : "pages/search/search",
            "style": {
            	 "app-plus":{
            		 "scrollIndicator":"none",//隐藏滚动条
            		 "bounce":"none",//关闭反弹效果
            		 "titleNView":{
            			 // 搜索框配置
            			 "searchInput":{
							 "align":"left",
							 "backgroundColor":"#F7F7F7",
							 "borderRadius":"4px",
							 "placeholder":"智能积木 越野四驱车",
							 "placeholderColor":"#CCCCCC",
							 "disabled":false
            			 },
            			 //配置按钮
            			 "buttons":[
            				 // 右边
            				 {
            					 "color":"#212121",								 
            					 "colorPressed":"#BBBBBB",
            					 "float":"right",
            					 "fontSize":"16px",
            					 "text":"搜索"
            				 }
            			 ]
            		 }
            	 }
            }
        }
        
        ,{
            "path" : "pages/list/list",
            "style": {
				"enablePullDownRefresh":true,
				"navigationBarTitleText":"列表页",
            	 "app-plus":{
            		 "scrollIndicator":"none",//隐藏滚动条
            		 "bounce":"none",//关闭反弹效果
            		 "titleNView":{
            			 //配置按钮
            			 "buttons":[
            				 // 右边
            				 {
            					 "color":"#999999",								 
            					 "colorPressed":"#BBBBBB",
            					 "float":"right",
            					 "fontSize":"22px",
            					 "fontSrc":"/static/font/iconfont.ttf",
            					 "text":"\ue60c"
            				 }
            			 ]
            		 }
            	 }
            }
        },
		{
		    "path" : "pages/search-list/search-list",
		    "style": {
		    	 "app-plus":{
		    		 "scrollIndicator":"none",//隐藏滚动条
		    		 "bounce":"none",//关闭反弹效果
		    		 "titleNView":{
		    			 // 搜索框配置
		    			 "searchInput":{
		    				 "align":"left",
		    				 "backgroundColor":"#F7F7F7",
		    				 "borderRadius":"4px",
		    				 "placeholder":"智能积木 越野四驱车",
		    				 "placeholderColor":"#CCCCCC",
		    				 "disabled":false
		    			 },
		    			 //配置按钮
		    			 "buttons":[
		    				 // 右边
		    				 {
		    					 "color":"#212121",								 
		    					 "colorPressed":"#BBBBBB",
		    					 "float":"right",
		    					 "fontSize":"16px",
		    					 "text":"搜索"
		    				 }
		    			 ]
		    		 }
		    	 }
		    }
		}
        ,{
            "path" : "pages/new-list/new-list",
            "style": {
            	"navigationBarTitleText":"新品发布",
            	 "app-plus":{
            		 "scrollIndicator":"none",//隐藏滚动条
            		 "bounce":"none",//关闭反弹效果
            		 "titleNView":{
            			 //配置按钮
            			 "buttons":[
            				 // 右边
            				 {
            					 "color":"#999999",								 
            					 "colorPressed":"#BBBBBB",
            					 "float":"right",
            					 "fontSize":"22px",
            					 "fontSrc":"/static/font/iconfont.ttf",
            					 "text":"\ue60c"
            				 }
            			 ]
            		 }
            	 }
            }
        }
        ,{
            "path" : "pages/detail/detail",
            "style" : {
				"navigationBarTitleText":"详情页",
				"app-plus":{
					"titleNView":{
						"type":"transparent",
						"buttons":[
							{
								"type":"menu"
							}
						]
					}
				}
			}
        }
        
        ,{
            "path" : "pages/user-set/user-set",
            "style" : {
				"navigationBarTitleText":"设置",
				"app-plus":{
					"scrollIndicator":"none"
				}
			}
        }
        ,{
            "path" : "pages/user-path-list/user-path-list",
            "style" : {
				"navigationBarTitleText":"地址列表",
				"app-plus":{
					"scrollIndicator":"none",
					"titleNView":{
						"buttons":[
							{
								 "color":"#999999",								 
								 "colorPressed":"#BBBBBB",
								 "float":"right",
								 "fontSize":"22px",
								 "fontSrc":"/static/font/iconfont.ttf",
								 "text":"\ue626"
							}
						]
					}
				}
			}
        }
        ,{
            "path" : "pages/user-path-edit/user-path-edit",
            "style" : {
            	"navigationBarTitleText":"编辑收货地址",
            	"app-plus":{
            		"scrollIndicator":"none",
            		"titleNView":{
            			"buttons":[
            				{
            					 "color":"#999999",								 
            					 "colorPressed":"#BBBBBB",
            					 "float":"right",
            					 "fontSize":"15px",
            					 "text":"删除"
            				}
            			]
            		}
            	}
            }
        }
        ,{
            "path" : "pages/logistics-detail/logistics-detail",
            "style" : {
				"navigationBarTitleText":"物流详情"
			}
        }
        ,{
            "path" : "pages/msg-list/msg-list",
            "style" : {
				"navigationBarTitleText":"消息列表"
			}
        }
        ,{
            "path" : "pages/user-userinfo/user-userinfo",
            "style" : {
				"navigationBarTitleText":"修改资料"
			}
        }
        ,{
            "path" : "pages/order/order",
            "style" : {
            	"navigationBarTitleText":"我的订单",
            	"app-plus":{
            		"scrollIndicator":"none",
            		"titleNView":{
            			"buttons":[
            				{
            					 "color":"#999999",								 
            					 "colorPressed":"#BBBBBB",
            					 "float":"right",
            					 "fontSize":"22px",
            					 "fontSrc":"/static/font/iconfont.ttf",
            					 "text":"\ue60c"
            				},
							{
								 "color":"#999999",								 
								 "colorPressed":"#BBBBBB",
								 "float":"right",
								 "fontSize":"22px",
								 "fontSrc":"/static/font/iconfont.ttf",
								 "text":"\ue6e3"
							}
            			]
            		}
            	}
            }
        }
        ,{
            "path" : "pages/order-confirm/order-confirm",
            "style" : {
				"navigationBarTitleText":"订单配送至",
				"navigationBarBackgroundColor":"#FD6801",
				"navigationBarTextStyle":"white"
			}
        }
        ,{
            "path" : "pages/order-coupon/order-coupon",
            "style" : {}
        }
        ,{
            "path" : "pages/order-invoice/order-invoice",
            "style" : {
				"navigationBarTitleText":"发票"
			}
        }
		,{
		    "path" : "pages/my-house/index",
		    "style" :                                                                                    
		    {
		        "navigationBarTitleText": "我的房屋",
		        "enablePullDownRefresh": false
		    }
		    
		}
		,{
		    "path" : "pages/my-house/lodge",
		    "style" :                                                                                    
		    {
		        "navigationBarTitleText": "出租房屋",
		        "enablePullDownRefresh": false,
				"app-plus":{
					"scrollIndicator":"none",
					"titleNView":{
						"buttons":[
							{
								"type":"none",
								 "color":"#222",								 
								 "colorPressed":"#BBBBBB",
								 "float":"right",
								 "fontSize":"17px",
								 "text":"提交"
							}
						]
					}
				}
		    }
		}
		,{
		    "path" : "pages/my-house/houseDetail",
		    "style" :                                                                                    
		    {
		        "navigationBarTitleText": "房屋详情",
		        "enablePullDownRefresh": false
		    }
		    
		}
		,{
		    "path" : "pages/my-house/face",
		    "style" :                                                                                    
		    {
		        "navigationBarTitleText": "人脸采集",
		        "enablePullDownRefresh": false
		    }
		    
		}
        ,{
            "path" : "pages/scan/scan",
            "style" :                                                                                    
            {
                "navigationBarTitleText": "扫一扫",
                "enablePullDownRefresh": false
            }
            
        }
		,{
		    "path" : "pages/scan/record",
		    "style" :                                                                                    
		    {
		        "navigationBarTitleText": "车辆充电",
		        "enablePullDownRefresh": false
		    }
		    
		}
		,{
		    "path" : "pages/scan/recordDetail",
		    "style" :                                                                                    
		    {
		        "navigationBarTitleText": "充电详情",
		        "enablePullDownRefresh": false
		    }
		    
		}
		,{
		    "path" : "pages/openDoor/openDoor",
		    "style" :                                                                                    
		    {
		        "navigationBarTitleText": "远程开门",
		        "enablePullDownRefresh": false
		    }
		    
		}
		,{
		    "path" : "pages/vehicle/index",
		    "style" :                                                                                    
		    {
		        "navigationBarTitleText": "车辆管理",
		        "enablePullDownRefresh": false
		    }
		    
		}
		,{
		    "path" : "pages/vehicle/mycart",
		    "style" :                                                                                    
		    {
		        "navigationBarTitleText": "我的车位",
		        "enablePullDownRefresh": false
		    }
		    
		}
		,{
		    "path" : "pages/engine/engine",
		    "style" :                                                                                    
		    {
		        "navigationBarTitleText": "工程管理",
		        "enablePullDownRefresh": false
		    }
		    
		}
		,{
		    "path" : "pages/vehicle/payment",
		    "style" :                                                                                    
		    {
		        "navigationBarTitleText": "停车缴费",
		        "enablePullDownRefresh": false
		    }
		    
		}
        ,{
            "path" : "pages/register/register",
            "style" :                                                                                    
            {
                "navigationBarTitleText": "注册",
                "enablePullDownRefresh": false,
				"app-plus":{
								"scrollIndicator":"none",//隐藏滚动条
								"bounce":"none"//关闭反弹效果
				}
            }
            
        }
        ,{
            "path" : "pages/register-next/register-next",
            "style" :                                                                                    
            {
                "navigationBarTitleText": "上传头像",
                "enablePullDownRefresh": false,
				"app-plus":{
					 "scrollIndicator":"none",//隐藏滚动条
					"bounce":"none"//关闭反弹效果
				}
            }
            
        }
    ],
	"globalStyle": {
		"navigationBarTextStyle": "black",
		"navigationBarTitleText": "uni-app",
		"navigationBarBackgroundColor": "#F8F9FA",
		"backgroundColor": "#FFFFFF"
	},
	"tabBar" : {
	    "color" : "#B5B5B5",
	    "selectedColor" : "#DE5F0E",
	    "borderStyle" : "black",
	    "backgroundColor" : "#FFFFFF",
	    "list" : [
	        {
				"pagePath":"pages/index/index",
				"text":"首页",
				"iconPath":"static/tabbar/index.png",
				"selectedIconPath":"static/tabbar/indexSelected.png"
	        },
			{
				"pagePath":"pages/class/class",
				"text":"服务",
				"iconPath":"static/tabbar/服务.png",
				"selectedIconPath":"static/tabbar/服务2.png"
			},
			
			{
				"pagePath":"pages/my/my",
				"text":"我的",
				"iconPath":"static/tabbar/my.png",
				"selectedIconPath":"static/tabbar/mySelected.png"
			}
	    ]
	}
}
